<?xml version="1.0" encoding="UTF-8"?>
<!DOCTYPE log4j:configuration PUBLIC "-//APACHE//DTD LOG4J 1.2//EN" "log4j.dtd">
<log4j:configuration xmlns:log4j="http://jakarta.apache.org/log4j/">

	<!-- Appenders -->
	<!-- appender name="console" class="org.apache.log4j.ConsoleAppender">
		<param name="Target" value="System.out" />
		<layout class="org.apache.log4j.PatternLayout">
			<param name="ConversionPattern" value="%-5p: %c - %m%n" />
		</layout>
	</appender -->
	
	<appender name="FILE" class="org.apache.log4j.FileAppender">
	
	   <param name="file" value="./logs/geoservices.log"/>
	   <param name="immediateFlush" value="true"/>
	   <param name="threshold" value="debug"/>
	   <param name="append" value="false"/>
	   
	   <!--  layout class="org.apache.log4j.PatternLayout">
	      <param name="conversionPattern" value="[%p] %d %c{1} %M - %m%n"/>
	   </layout -->
	   <layout class="org.apache.log4j.PatternLayout">
	      <param name="conversionPattern" value="%d: %m%n"/>
	   </layout>
	</appender>
	
	<!-- Application Loggers -->
	<logger name="com.getcake">
		<level value="debug" />
	</logger>
	
	<!-- 3rdparty Loggers -->
	<logger name="org.springframework">
		<level value="info" />
	</logger>

	<!-- Root Logger -->
	<root>
		<priority value="warn" />
		<appender-ref ref="FILE" />
	</root>
	
</log4j:configuration>
